id;kode_provinsi;nama_provinsi;kode_kabupaten_kota;nama_kabupaten_kota;pendidikan;jumlah_pengangguran;satuan;tahun
892;32;JAWA BARAT;3201;KABUPATEN BOGOR;SD KE BAWAH;64836;ORANG;2019
893;32;JAWA BARAT;3201;KABUPATEN BOGOR;SMP;36554;ORANG;2019
894;32;JAWA BARAT;3201;KABUPATEN BOGOR;SMA;129723;ORANG;2019
895;32;JAWA BARAT;3201;KABUPATEN BOGOR;DIPLOMA I/II/III/AKADEMI/UNIVERSITAS;21901;ORANG;2019
896;32;JAWA BARAT;3202;KABUPATEN SUKABUMI;SD KE BAWAH;22553;ORANG;2019
897;32;JAWA BARAT;3202;KABUPATEN SUKABUMI;SMP;28018;ORANG;2019
898;32;JAWA BARAT;3202;KABUPATEN SUKABUMI;SMA;34285;ORANG;2019
899;32;JAWA BARAT;3202;KABUPATEN SUKABUMI;DIPLOMA I/II/III/AKADEMI/UNIVERSITAS;4642;ORANG;2019
900;32;JAWA BARAT;3203;KABUPATEN CIANJUR;SD KE BAWAH;38565;ORANG;2019
901;32;JAWA BARAT;3203;KABUPATEN CIANJUR;SMP;24340;ORANG;2019
902;32;JAWA BARAT;3203;KABUPATEN CIANJUR;SMA;39141;ORANG;2019
903;32;JAWA BARAT;3203;KABUPATEN CIANJUR;DIPLOMA I/II/III/AKADEMI/UNIVERSITAS;3079;ORANG;2019
904;32;JAWA BARAT;3204;KABUPATEN BANDUNG;SD KE BAWAH;16057;ORANG;2019
905;32;JAWA BARAT;3204;KABUPATEN BANDUNG;SMP;18838;ORANG;2019
906;32;JAWA BARAT;3204;KABUPATEN BANDUNG;SMA;48722;ORANG;2019
907;32;JAWA BARAT;3204;KABUPATEN BANDUNG;DIPLOMA I/II/III/AKADEMI/UNIVERSITAS;14339;ORANG;2019
908;32;JAWA BARAT;3205;KABUPATEN GARUT;SD KE BAWAH;22289;ORANG;2019
909;32;JAWA BARAT;3205;KABUPATEN GARUT;SMP;25311;ORANG;2019
910;32;JAWA BARAT;3205;KABUPATEN GARUT;SMA;32272;ORANG;2019
911;32;JAWA BARAT;3205;KABUPATEN GARUT;DIPLOMA I/II/III/AKADEMI/UNIVERSITAS;4173;ORANG;2019
912;32;JAWA BARAT;3206;KABUPATEN TASIKMALAYA;SD KE BAWAH;17450;ORANG;2019
913;32;JAWA BARAT;3206;KABUPATEN TASIKMALAYA;SMP;15577;ORANG;2019
914;32;JAWA BARAT;3206;KABUPATEN TASIKMALAYA;SMA;20079;ORANG;2019
915;32;JAWA BARAT;3206;KABUPATEN TASIKMALAYA;DIPLOMA I/II/III/AKADEMI/UNIVERSITAS;1086;ORANG;2019
916;32;JAWA BARAT;3207;KABUPATEN CIAMIS;SD KE BAWAH;2885;ORANG;2019
917;32;JAWA BARAT;3207;KABUPATEN CIAMIS;SMP;8275;ORANG;2019
918;32;JAWA BARAT;3207;KABUPATEN CIAMIS;SMA;17882;ORANG;2019
919;32;JAWA BARAT;3207;KABUPATEN CIAMIS;DIPLOMA I/II/III/AKADEMI/UNIVERSITAS;2816;ORANG;2019
920;32;JAWA BARAT;3208;KABUPATEN KUNINGAN;SD KE BAWAH;14200;ORANG;2019
921;32;JAWA BARAT;3208;KABUPATEN KUNINGAN;SMP;10147;ORANG;2019
922;32;JAWA BARAT;3208;KABUPATEN KUNINGAN;SMA;21716;ORANG;2019
923;32;JAWA BARAT;3208;KABUPATEN KUNINGAN;DIPLOMA I/II/III/AKADEMI/UNIVERSITAS;2207;ORANG;2019
924;32;JAWA BARAT;3209;KABUPATEN CIREBON;SD KE BAWAH;26860;ORANG;2019
925;32;JAWA BARAT;3209;KABUPATEN CIREBON;SMP;17007;ORANG;2019
926;32;JAWA BARAT;3209;KABUPATEN CIREBON;SMA;60602;ORANG;2019
927;32;JAWA BARAT;3209;KABUPATEN CIREBON;DIPLOMA I/II/III/AKADEMI/UNIVERSITAS;4953;ORANG;2019
928;32;JAWA BARAT;3210;KABUPATEN MAJALENGKA;SD KE BAWAH;7421;ORANG;2019
929;32;JAWA BARAT;3210;KABUPATEN MAJALENGKA;SMP;4999;ORANG;2019
930;32;JAWA BARAT;3210;KABUPATEN MAJALENGKA;SMA;14411;ORANG;2019
931;32;JAWA BARAT;3210;KABUPATEN MAJALENGKA;DIPLOMA I/II/III/AKADEMI/UNIVERSITAS;593;ORANG;2019
932;32;JAWA BARAT;3211;KABUPATEN SUMEDANG;SD KE BAWAH;5275;ORANG;2019
933;32;JAWA BARAT;3211;KABUPATEN SUMEDANG;SMP;8867;ORANG;2019
934;32;JAWA BARAT;3211;KABUPATEN SUMEDANG;SMA;23549;ORANG;2019
935;32;JAWA BARAT;3211;KABUPATEN SUMEDANG;DIPLOMA I/II/III/AKADEMI/UNIVERSITAS;5756;ORANG;2019
936;32;JAWA BARAT;3212;KABUPATEN INDRAMAYU;SD KE BAWAH;20460;ORANG;2019
937;32;JAWA BARAT;3212;KABUPATEN INDRAMAYU;SMP;14657;ORANG;2019
938;32;JAWA BARAT;3212;KABUPATEN INDRAMAYU;SMA;34751;ORANG;2019
939;32;JAWA BARAT;3212;KABUPATEN INDRAMAYU;DIPLOMA I/II/III/AKADEMI/UNIVERSITAS;4043;ORANG;2019
940;32;JAWA BARAT;3213;KABUPATEN SUBANG;SD KE BAWAH;11151;ORANG;2019
941;32;JAWA BARAT;3213;KABUPATEN SUBANG;SMP;17324;ORANG;2019
942;32;JAWA BARAT;3213;KABUPATEN SUBANG;SMA;39591;ORANG;2019
943;32;JAWA BARAT;3213;KABUPATEN SUBANG;DIPLOMA I/II/III/AKADEMI/UNIVERSITAS;3552;ORANG;2019
944;32;JAWA BARAT;3214;KABUPATEN PURWAKARTA;SD KE BAWAH;9725;ORANG;2019
945;32;JAWA BARAT;3214;KABUPATEN PURWAKARTA;SMP;8594;ORANG;2019
946;32;JAWA BARAT;3214;KABUPATEN PURWAKARTA;SMA;23156;ORANG;2019
947;32;JAWA BARAT;3214;KABUPATEN PURWAKARTA;DIPLOMA I/II/III/AKADEMI/UNIVERSITAS;1949;ORANG;2019
948;32;JAWA BARAT;3215;KABUPATEN KARAWANG;SD KE BAWAH;14295;ORANG;2019
949;32;JAWA BARAT;3215;KABUPATEN KARAWANG;SMP;8810;ORANG;2019
950;32;JAWA BARAT;3215;KABUPATEN KARAWANG;SMA;77839;ORANG;2019
951;32;JAWA BARAT;3215;KABUPATEN KARAWANG;DIPLOMA I/II/III/AKADEMI/UNIVERSITAS;6779;ORANG;2019
952;32;JAWA BARAT;3216;KABUPATEN BEKASI;SD KE BAWAH;20572;ORANG;2019
953;32;JAWA BARAT;3216;KABUPATEN BEKASI;SMP;21342;ORANG;2019
954;32;JAWA BARAT;3216;KABUPATEN BEKASI;SMA;92748;ORANG;2019
955;32;JAWA BARAT;3216;KABUPATEN BEKASI;DIPLOMA I/II/III/AKADEMI/UNIVERSITAS;24296;ORANG;2019
956;32;JAWA BARAT;3217;KABUPATEN BANDUNG BARAT;SD KE BAWAH;20009;ORANG;2019
957;32;JAWA BARAT;3217;KABUPATEN BANDUNG BARAT;SMP;15186;ORANG;2019
958;32;JAWA BARAT;3217;KABUPATEN BANDUNG BARAT;SMA;25057;ORANG;2019
959;32;JAWA BARAT;3217;KABUPATEN BANDUNG BARAT;DIPLOMA I/II/III/AKADEMI/UNIVERSITAS;2443;ORANG;2019
960;32;JAWA BARAT;3218;KABUPATEN PANGANDARAN;SD KE BAWAH;2325;ORANG;2019
961;32;JAWA BARAT;3218;KABUPATEN PANGANDARAN;SMP;2300;ORANG;2019
962;32;JAWA BARAT;3218;KABUPATEN PANGANDARAN;SMA;5317;ORANG;2019
963;32;JAWA BARAT;3218;KABUPATEN PANGANDARAN;DIPLOMA I/II/III/AKADEMI/UNIVERSITAS;544;ORANG;2019
964;32;JAWA BARAT;3271;KOTA BOGOR;SD KE BAWAH;10602;ORANG;2019
965;32;JAWA BARAT;3271;KOTA BOGOR;SMP;10496;ORANG;2019
966;32;JAWA BARAT;3271;KOTA BOGOR;SMA;21680;ORANG;2019
967;32;JAWA BARAT;3271;KOTA BOGOR;DIPLOMA I/II/III/AKADEMI/UNIVERSITAS;5953;ORANG;2019
968;32;JAWA BARAT;3272;KOTA SUKABUMI;SD KE BAWAH;2273;ORANG;2019
969;32;JAWA BARAT;3272;KOTA SUKABUMI;SMP;2570;ORANG;2019
970;32;JAWA BARAT;3272;KOTA SUKABUMI;SMA;7538;ORANG;2019
971;32;JAWA BARAT;3272;KOTA SUKABUMI;DIPLOMA I/II/III/AKADEMI/UNIVERSITAS;597;ORANG;2019
972;32;JAWA BARAT;3273;KOTA BANDUNG;SD KE BAWAH;14066;ORANG;2019
973;32;JAWA BARAT;3273;KOTA BANDUNG;SMP;16147;ORANG;2019
974;32;JAWA BARAT;3273;KOTA BANDUNG;SMA;51743;ORANG;2019
975;32;JAWA BARAT;3273;KOTA BANDUNG;DIPLOMA I/II/III/AKADEMI/UNIVERSITAS;23111;ORANG;2019
976;32;JAWA BARAT;3274;KOTA CIREBON;SD KE BAWAH;2619;ORANG;2019
977;32;JAWA BARAT;3274;KOTA CIREBON;SMP;2551;ORANG;2019
978;32;JAWA BARAT;3274;KOTA CIREBON;SMA;6421;ORANG;2019
979;32;JAWA BARAT;3274;KOTA CIREBON;DIPLOMA I/II/III/AKADEMI/UNIVERSITAS;2088;ORANG;2019
980;32;JAWA BARAT;3275;KOTA BEKASI;SD KE BAWAH;9086;ORANG;2019
981;32;JAWA BARAT;3275;KOTA BEKASI;SMP;16781;ORANG;2019
982;32;JAWA BARAT;3275;KOTA BEKASI;SMA;66847;ORANG;2019
983;32;JAWA BARAT;3275;KOTA BEKASI;DIPLOMA I/II/III/AKADEMI/UNIVERSITAS;31400;ORANG;2019
984;32;JAWA BARAT;3276;KOTA DEPOK;SD KE BAWAH;8986;ORANG;2019
985;32;JAWA BARAT;3276;KOTA DEPOK;SMP;12796;ORANG;2019
986;32;JAWA BARAT;3276;KOTA DEPOK;SMA;40719;ORANG;2019
987;32;JAWA BARAT;3276;KOTA DEPOK;DIPLOMA I/II/III/AKADEMI/UNIVERSITAS;9824;ORANG;2019
988;32;JAWA BARAT;3277;KOTA CIMAHI;SD KE BAWAH;2362;ORANG;2019
989;32;JAWA BARAT;3277;KOTA CIMAHI;SMP;3156;ORANG;2019
990;32;JAWA BARAT;3277;KOTA CIMAHI;SMA;14269;ORANG;2019
991;32;JAWA BARAT;3277;KOTA CIMAHI;DIPLOMA I/II/III/AKADEMI/UNIVERSITAS;4173;ORANG;2019
992;32;JAWA BARAT;3278;KOTA TASIKMALAYA;SD KE BAWAH;4462;ORANG;2019
993;32;JAWA BARAT;3278;KOTA TASIKMALAYA;SMP;3465;ORANG;2019
994;32;JAWA BARAT;3278;KOTA TASIKMALAYA;SMA;12221;ORANG;2019
995;32;JAWA BARAT;3278;KOTA TASIKMALAYA;DIPLOMA I/II/III/AKADEMI/UNIVERSITAS;1658;ORANG;2019
996;32;JAWA BARAT;3279;KOTA BANJAR;SD KE BAWAH;1104;ORANG;2019
997;32;JAWA BARAT;3279;KOTA BANJAR;SMP;754;ORANG;2019
998;32;JAWA BARAT;3279;KOTA BANJAR;SMA;3696;ORANG;2019
999;32;JAWA BARAT;3279;KOTA BANJAR;DIPLOMA I/II/III/AKADEMI/UNIVERSITAS;218;ORANG;2019
1000;32;JAWA BARAT;3201;KABUPATEN BOGOR;TIDAK/BELUM PERNAH SEKOLAH/TIDAK/BELUM TAMAT SD;14788;ORANG;2020
1001;32;JAWA BARAT;3201;KABUPATEN BOGOR;SD;67522;ORANG;2020
1002;32;JAWA BARAT;3201;KABUPATEN BOGOR;SMP;72817;ORANG;2020
1003;32;JAWA BARAT;3201;KABUPATEN BOGOR;SMA (UMUM);75799;ORANG;2020
1004;32;JAWA BARAT;3201;KABUPATEN BOGOR;SMA (KEJURUAN);119828;ORANG;2020
1005;32;JAWA BARAT;3201;KABUPATEN BOGOR;DIPLOMA I/II/III/AKADEMI/UNIVERSITAS;39977;ORANG;2020
1006;32;JAWA BARAT;3202;KABUPATEN SUKABUMI;TIDAK/BELUM PERNAH SEKOLAH/TIDAK/BELUM TAMAT SD;2697;ORANG;2020
1007;32;JAWA BARAT;3202;KABUPATEN SUKABUMI;SD;27546;ORANG;2020
1008;32;JAWA BARAT;3202;KABUPATEN SUKABUMI;SMP;30293;ORANG;2020
1009;32;JAWA BARAT;3202;KABUPATEN SUKABUMI;SMA (UMUM);29303;ORANG;2020
1010;32;JAWA BARAT;3202;KABUPATEN SUKABUMI;SMA (KEJURUAN);14473;ORANG;2020
1011;32;JAWA BARAT;3202;KABUPATEN SUKABUMI;DIPLOMA I/II/III/AKADEMI/UNIVERSITAS;5786;ORANG;2020
1012;32;JAWA BARAT;3203;KABUPATEN CIANJUR;TIDAK/BELUM PERNAH SEKOLAH/TIDAK/BELUM TAMAT SD;4934;ORANG;2020
1013;32;JAWA BARAT;3203;KABUPATEN CIANJUR;SD;42686;ORANG;2020
1014;32;JAWA BARAT;3203;KABUPATEN CIANJUR;SMP;30918;ORANG;2020
1015;32;JAWA BARAT;3203;KABUPATEN CIANJUR;SMA (UMUM);24505;ORANG;2020
1016;32;JAWA BARAT;3203;KABUPATEN CIANJUR;SMA (KEJURUAN);24631;ORANG;2020
1017;32;JAWA BARAT;3203;KABUPATEN CIANJUR;DIPLOMA I/II/III/AKADEMI/UNIVERSITAS;3342;ORANG;2020
1018;32;JAWA BARAT;3204;KABUPATEN BANDUNG;TIDAK/BELUM PERNAH SEKOLAH/TIDAK/BELUM TAMAT SD;0;ORANG;2020
1019;32;JAWA BARAT;3204;KABUPATEN BANDUNG;SD;20621;ORANG;2020
1020;32;JAWA BARAT;3204;KABUPATEN BANDUNG;SMP;39856;ORANG;2020
1021;32;JAWA BARAT;3204;KABUPATEN BANDUNG;SMA (UMUM);42656;ORANG;2020
1022;32;JAWA BARAT;3204;KABUPATEN BANDUNG;SMA (KEJURUAN);28089;ORANG;2020
1023;32;JAWA BARAT;3204;KABUPATEN BANDUNG;DIPLOMA I/II/III/AKADEMI/UNIVERSITAS;16180;ORANG;2020
1024;32;JAWA BARAT;3205;KABUPATEN GARUT;TIDAK/BELUM PERNAH SEKOLAH/TIDAK/BELUM TAMAT SD;2583;ORANG;2020
1025;32;JAWA BARAT;3205;KABUPATEN GARUT;SD;27867;ORANG;2020
1026;32;JAWA BARAT;3205;KABUPATEN GARUT;SMP;26971;ORANG;2020
1027;32;JAWA BARAT;3205;KABUPATEN GARUT;SMA (UMUM);33567;ORANG;2020
1028;32;JAWA BARAT;3205;KABUPATEN GARUT;SMA (KEJURUAN);10192;ORANG;2020
1029;32;JAWA BARAT;3205;KABUPATEN GARUT;DIPLOMA I/II/III/AKADEMI/UNIVERSITAS;2427;ORANG;2020
1030;32;JAWA BARAT;3206;KABUPATEN TASIKMALAYA;TIDAK/BELUM PERNAH SEKOLAH/TIDAK/BELUM TAMAT SD;0;ORANG;2020
1031;32;JAWA BARAT;3206;KABUPATEN TASIKMALAYA;SD;21857;ORANG;2020
1032;32;JAWA BARAT;3206;KABUPATEN TASIKMALAYA;SMP;13148;ORANG;2020
1033;32;JAWA BARAT;3206;KABUPATEN TASIKMALAYA;SMA (UMUM);13434;ORANG;2020
1034;32;JAWA BARAT;3206;KABUPATEN TASIKMALAYA;SMA (KEJURUAN);14370;ORANG;2020
1035;32;JAWA BARAT;3206;KABUPATEN TASIKMALAYA;DIPLOMA I/II/III/AKADEMI/UNIVERSITAS;4481;ORANG;2020
1036;32;JAWA BARAT;3207;KABUPATEN CIAMIS;TIDAK/BELUM PERNAH SEKOLAH/TIDAK/BELUM TAMAT SD;1011;ORANG;2020
1037;32;JAWA BARAT;3207;KABUPATEN CIAMIS;SD;12144;ORANG;2020
1038;32;JAWA BARAT;3207;KABUPATEN CIAMIS;SMP;7237;ORANG;2020
1039;32;JAWA BARAT;3207;KABUPATEN CIAMIS;SMA (UMUM);5661;ORANG;2020
1040;32;JAWA BARAT;3207;KABUPATEN CIAMIS;SMA (KEJURUAN);10258;ORANG;2020
1041;32;JAWA BARAT;3207;KABUPATEN CIAMIS;DIPLOMA I/II/III/AKADEMI/UNIVERSITAS;2114;ORANG;2020
1042;32;JAWA BARAT;3208;KABUPATEN KUNINGAN;TIDAK/BELUM PERNAH SEKOLAH/TIDAK/BELUM TAMAT SD;1669;ORANG;2020
1043;32;JAWA BARAT;3208;KABUPATEN KUNINGAN;SD;19666;ORANG;2020
1044;32;JAWA BARAT;3208;KABUPATEN KUNINGAN;SMP;11372;ORANG;2020
1045;32;JAWA BARAT;3208;KABUPATEN KUNINGAN;SMA (UMUM);9690;ORANG;2020
1046;32;JAWA BARAT;3208;KABUPATEN KUNINGAN;SMA (KEJURUAN);12077;ORANG;2020
1047;32;JAWA BARAT;3208;KABUPATEN KUNINGAN;DIPLOMA I/II/III/AKADEMI/UNIVERSITAS;4039;ORANG;2020
1048;32;JAWA BARAT;3209;KABUPATEN CIREBON;TIDAK/BELUM PERNAH SEKOLAH/TIDAK/BELUM TAMAT SD;9324;ORANG;2020
1049;32;JAWA BARAT;3209;KABUPATEN CIREBON;SD;20555;ORANG;2020
1050;32;JAWA BARAT;3209;KABUPATEN CIREBON;SMP;22801;ORANG;2020
1051;32;JAWA BARAT;3209;KABUPATEN CIREBON;SMA (UMUM);27117;ORANG;2020
1052;32;JAWA BARAT;3209;KABUPATEN CIREBON;SMA (KEJURUAN);40591;ORANG;2020
1053;32;JAWA BARAT;3209;KABUPATEN CIREBON;DIPLOMA I/II/III/AKADEMI/UNIVERSITAS;1757;ORANG;2020
1054;32;JAWA BARAT;3210;KABUPATEN MAJALENGKA;TIDAK/BELUM PERNAH SEKOLAH/TIDAK/BELUM TAMAT SD;1388;ORANG;2020
1055;32;JAWA BARAT;3210;KABUPATEN MAJALENGKA;SD;7250;ORANG;2020
1056;32;JAWA BARAT;3210;KABUPATEN MAJALENGKA;SMP;7763;ORANG;2020
1057;32;JAWA BARAT;3210;KABUPATEN MAJALENGKA;SMA (UMUM);8604;ORANG;2020
1058;32;JAWA BARAT;3210;KABUPATEN MAJALENGKA;SMA (KEJURUAN);10327;ORANG;2020
1059;32;JAWA BARAT;3210;KABUPATEN MAJALENGKA;DIPLOMA I/II/III/AKADEMI/UNIVERSITAS;3466;ORANG;2020
1060;32;JAWA BARAT;3211;KABUPATEN SUMEDANG;TIDAK/BELUM PERNAH SEKOLAH/TIDAK/BELUM TAMAT SD;0;ORANG;2020
1061;32;JAWA BARAT;3211;KABUPATEN SUMEDANG;SD;11645;ORANG;2020
1062;32;JAWA BARAT;3211;KABUPATEN SUMEDANG;SMP;9550;ORANG;2020
1063;32;JAWA BARAT;3211;KABUPATEN SUMEDANG;SMA (UMUM);14705;ORANG;2020
1064;32;JAWA BARAT;3211;KABUPATEN SUMEDANG;SMA (KEJURUAN);20994;ORANG;2020
1065;32;JAWA BARAT;3211;KABUPATEN SUMEDANG;DIPLOMA I/II/III/AKADEMI/UNIVERSITAS;6168;ORANG;2020
1066;32;JAWA BARAT;3212;KABUPATEN INDRAMAYU;TIDAK/BELUM PERNAH SEKOLAH/TIDAK/BELUM TAMAT SD;9098;ORANG;2020
1067;32;JAWA BARAT;3212;KABUPATEN INDRAMAYU;SD;18887;ORANG;2020
1068;32;JAWA BARAT;3212;KABUPATEN INDRAMAYU;SMP;16622;ORANG;2020
1069;32;JAWA BARAT;3212;KABUPATEN INDRAMAYU;SMA (UMUM);16060;ORANG;2020
1070;32;JAWA BARAT;3212;KABUPATEN INDRAMAYU;SMA (KEJURUAN);22182;ORANG;2020
1071;32;JAWA BARAT;3212;KABUPATEN INDRAMAYU;DIPLOMA I/II/III/AKADEMI/UNIVERSITAS;3812;ORANG;2020
1072;32;JAWA BARAT;3213;KABUPATEN SUBANG;TIDAK/BELUM PERNAH SEKOLAH/TIDAK/BELUM TAMAT SD;2500;ORANG;2020
1073;32;JAWA BARAT;3213;KABUPATEN SUBANG;SD;10702;ORANG;2020
1074;32;JAWA BARAT;3213;KABUPATEN SUBANG;SMP;22923;ORANG;2020
1075;32;JAWA BARAT;3213;KABUPATEN SUBANG;SMA (UMUM);16337;ORANG;2020
1076;32;JAWA BARAT;3213;KABUPATEN SUBANG;SMA (KEJURUAN);19721;ORANG;2020
1077;32;JAWA BARAT;3213;KABUPATEN SUBANG;DIPLOMA I/II/III/AKADEMI/UNIVERSITAS;6000;ORANG;2020
1078;32;JAWA BARAT;3214;KABUPATEN PURWAKARTA;TIDAK/BELUM PERNAH SEKOLAH/TIDAK/BELUM TAMAT SD;2963;ORANG;2020
1079;32;JAWA BARAT;3214;KABUPATEN PURWAKARTA;SD;9848;ORANG;2020
1080;32;JAWA BARAT;3214;KABUPATEN PURWAKARTA;SMP;7623;ORANG;2020
1081;32;JAWA BARAT;3214;KABUPATEN PURWAKARTA;SMA (UMUM);8652;ORANG;2020
1082;32;JAWA BARAT;3214;KABUPATEN PURWAKARTA;SMA (KEJURUAN);14493;ORANG;2020
1083;32;JAWA BARAT;3214;KABUPATEN PURWAKARTA;DIPLOMA I/II/III/AKADEMI/UNIVERSITAS;4306;ORANG;2020
1084;32;JAWA BARAT;3215;KABUPATEN KARAWANG;TIDAK/BELUM PERNAH SEKOLAH/TIDAK/BELUM TAMAT SD;8479;ORANG;2020
1085;32;JAWA BARAT;3215;KABUPATEN KARAWANG;SD;16077;ORANG;2020
1086;32;JAWA BARAT;3215;KABUPATEN KARAWANG;SMP;27905;ORANG;2020
1087;32;JAWA BARAT;3215;KABUPATEN KARAWANG;SMA (UMUM);30187;ORANG;2020
1088;32;JAWA BARAT;3215;KABUPATEN KARAWANG;SMA (KEJURUAN);43900;ORANG;2020
1089;32;JAWA BARAT;3215;KABUPATEN KARAWANG;DIPLOMA I/II/III/AKADEMI/UNIVERSITAS;7350;ORANG;2020
1090;32;JAWA BARAT;3216;KABUPATEN BEKASI;TIDAK/BELUM PERNAH SEKOLAH/TIDAK/BELUM TAMAT SD;2631;ORANG;2020
1091;32;JAWA BARAT;3216;KABUPATEN BEKASI;SD;19565;ORANG;2020
1092;32;JAWA BARAT;3216;KABUPATEN BEKASI;SMP;21685;ORANG;2020
1093;32;JAWA BARAT;3216;KABUPATEN BEKASI;SMA (UMUM);52765;ORANG;2020
1094;32;JAWA BARAT;3216;KABUPATEN BEKASI;SMA (KEJURUAN);78946;ORANG;2020
1095;32;JAWA BARAT;3216;KABUPATEN BEKASI;DIPLOMA I/II/III/AKADEMI/UNIVERSITAS;36843;ORANG;2020
1096;32;JAWA BARAT;3217;KABUPATEN BANDUNG BARAT;TIDAK/BELUM PERNAH SEKOLAH/TIDAK/BELUM TAMAT SD;4832;ORANG;2020
1097;32;JAWA BARAT;3217;KABUPATEN BANDUNG BARAT;SD;22449;ORANG;2020
1098;32;JAWA BARAT;3217;KABUPATEN BANDUNG BARAT;SMP;17154;ORANG;2020
1099;32;JAWA BARAT;3217;KABUPATEN BANDUNG BARAT;SMA (UMUM);23553;ORANG;2020
1100;32;JAWA BARAT;3217;KABUPATEN BANDUNG BARAT;SMA (KEJURUAN);18112;ORANG;2020
1101;32;JAWA BARAT;3217;KABUPATEN BANDUNG BARAT;DIPLOMA I/II/III/AKADEMI/UNIVERSITAS;5457;ORANG;2020
1102;32;JAWA BARAT;3218;KABUPATEN PANGANDARAN;TIDAK/BELUM PERNAH SEKOLAH/TIDAK/BELUM TAMAT SD;474;ORANG;2020
1103;32;JAWA BARAT;3218;KABUPATEN PANGANDARAN;SD;2951;ORANG;2020
1104;32;JAWA BARAT;3218;KABUPATEN PANGANDARAN;SMP;3489;ORANG;2020
1105;32;JAWA BARAT;3218;KABUPATEN PANGANDARAN;SMA (UMUM);2042;ORANG;2020
1106;32;JAWA BARAT;3218;KABUPATEN PANGANDARAN;SMA (KEJURUAN);2836;ORANG;2020
1107;32;JAWA BARAT;3218;KABUPATEN PANGANDARAN;DIPLOMA I/II/III/AKADEMI/UNIVERSITAS;684;ORANG;2020
1108;32;JAWA BARAT;3271;KOTA BOGOR;TIDAK/BELUM PERNAH SEKOLAH/TIDAK/BELUM TAMAT SD;1915;ORANG;2020
1109;32;JAWA BARAT;3271;KOTA BOGOR;SD;10983;ORANG;2020
1110;32;JAWA BARAT;3271;KOTA BOGOR;SMP;7370;ORANG;2020
1111;32;JAWA BARAT;3271;KOTA BOGOR;SMA (UMUM);16354;ORANG;2020
1112;32;JAWA BARAT;3271;KOTA BOGOR;SMA (KEJURUAN);21970;ORANG;2020
1113;32;JAWA BARAT;3271;KOTA BOGOR;DIPLOMA I/II/III/AKADEMI/UNIVERSITAS;6611;ORANG;2020
1114;32;JAWA BARAT;3272;KOTA SUKABUMI;TIDAK/BELUM PERNAH SEKOLAH/TIDAK/BELUM TAMAT SD;123;ORANG;2020
1115;32;JAWA BARAT;3272;KOTA SUKABUMI;SD;2578;ORANG;2020
1116;32;JAWA BARAT;3272;KOTA SUKABUMI;SMP;2413;ORANG;2020
1117;32;JAWA BARAT;3272;KOTA SUKABUMI;SMA (UMUM);5976;ORANG;2020
1118;32;JAWA BARAT;3272;KOTA SUKABUMI;SMA (KEJURUAN);4516;ORANG;2020
1119;32;JAWA BARAT;3272;KOTA SUKABUMI;DIPLOMA I/II/III/AKADEMI/UNIVERSITAS;1389;ORANG;2020
1120;32;JAWA BARAT;3273;KOTA BANDUNG;TIDAK/BELUM PERNAH SEKOLAH/TIDAK/BELUM TAMAT SD;2662;ORANG;2020
1121;32;JAWA BARAT;3273;KOTA BANDUNG;SD;11440;ORANG;2020
1122;32;JAWA BARAT;3273;KOTA BANDUNG;SMP;13324;ORANG;2020
1123;32;JAWA BARAT;3273;KOTA BANDUNG;SMA (UMUM);54215;ORANG;2020
1124;32;JAWA BARAT;3273;KOTA BANDUNG;SMA (KEJURUAN);33242;ORANG;2020
1125;32;JAWA BARAT;3273;KOTA BANDUNG;DIPLOMA I/II/III/AKADEMI/UNIVERSITAS;32198;ORANG;2020
1126;32;JAWA BARAT;3274;KOTA CIREBON;TIDAK/BELUM PERNAH SEKOLAH/TIDAK/BELUM TAMAT SD;3510;ORANG;2020
1127;32;JAWA BARAT;3274;KOTA CIREBON;SD;3074;ORANG;2020
1128;32;JAWA BARAT;3274;KOTA CIREBON;SMP;921;ORANG;2020
1129;32;JAWA BARAT;3274;KOTA CIREBON;SMA (UMUM);5036;ORANG;2020
1130;32;JAWA BARAT;3274;KOTA CIREBON;SMA (KEJURUAN);3161;ORANG;2020
1131;32;JAWA BARAT;3274;KOTA CIREBON;DIPLOMA I/II/III/AKADEMI/UNIVERSITAS;1464;ORANG;2020
1132;32;JAWA BARAT;3275;KOTA BEKASI;TIDAK/BELUM PERNAH SEKOLAH/TIDAK/BELUM TAMAT SD;2322;ORANG;2020
1133;32;JAWA BARAT;3275;KOTA BEKASI;SD;6155;ORANG;2020
1134;32;JAWA BARAT;3275;KOTA BEKASI;SMP;26353;ORANG;2020
1135;32;JAWA BARAT;3275;KOTA BEKASI;SMA (UMUM);32936;ORANG;2020
1136;32;JAWA BARAT;3275;KOTA BEKASI;SMA (KEJURUAN);42396;ORANG;2020
1137;32;JAWA BARAT;3275;KOTA BEKASI;DIPLOMA I/II/III/AKADEMI/UNIVERSITAS;51149;ORANG;2020
1138;32;JAWA BARAT;3276;KOTA DEPOK;TIDAK/BELUM PERNAH SEKOLAH/TIDAK/BELUM TAMAT SD;5482;ORANG;2020
1139;32;JAWA BARAT;3276;KOTA DEPOK;SD;8831;ORANG;2020
1140;32;JAWA BARAT;3276;KOTA DEPOK;SMP;11176;ORANG;2020
1141;32;JAWA BARAT;3276;KOTA DEPOK;SMA (UMUM);21713;ORANG;2020
1142;32;JAWA BARAT;3276;KOTA DEPOK;SMA (KEJURUAN);42304;ORANG;2020
1143;32;JAWA BARAT;3276;KOTA DEPOK;DIPLOMA I/II/III/AKADEMI/UNIVERSITAS;28526;ORANG;2020
1144;32;JAWA BARAT;3277;KOTA CIMAHI;TIDAK/BELUM PERNAH SEKOLAH/TIDAK/BELUM TAMAT SD;322;ORANG;2020
1145;32;JAWA BARAT;3277;KOTA CIMAHI;SD;1588;ORANG;2020
1146;32;JAWA BARAT;3277;KOTA CIMAHI;SMP;7978;ORANG;2020
1147;32;JAWA BARAT;3277;KOTA CIMAHI;SMA (UMUM);10279;ORANG;2020
1148;32;JAWA BARAT;3277;KOTA CIMAHI;SMA (KEJURUAN);11567;ORANG;2020
1149;32;JAWA BARAT;3277;KOTA CIMAHI;DIPLOMA I/II/III/AKADEMI/UNIVERSITAS;7321;ORANG;2020
1150;32;JAWA BARAT;3278;KOTA TASIKMALAYA;TIDAK/BELUM PERNAH SEKOLAH/TIDAK/BELUM TAMAT SD;864;ORANG;2020
1151;32;JAWA BARAT;3278;KOTA TASIKMALAYA;SD;8737;ORANG;2020
1152;32;JAWA BARAT;3278;KOTA TASIKMALAYA;SMP;2542;ORANG;2020
1153;32;JAWA BARAT;3278;KOTA TASIKMALAYA;SMA (UMUM);4855;ORANG;2020
1154;32;JAWA BARAT;3278;KOTA TASIKMALAYA;SMA (KEJURUAN);7983;ORANG;2020
1155;32;JAWA BARAT;3278;KOTA TASIKMALAYA;DIPLOMA I/II/III/AKADEMI/UNIVERSITAS;2460;ORANG;2020
1156;32;JAWA BARAT;3279;KOTA BANJAR;TIDAK/BELUM PERNAH SEKOLAH/TIDAK/BELUM TAMAT SD;129;ORANG;2020
1157;32;JAWA BARAT;3279;KOTA BANJAR;SD;1056;ORANG;2020
1158;32;JAWA BARAT;3279;KOTA BANJAR;SMP;1040;ORANG;2020
1159;32;JAWA BARAT;3279;KOTA BANJAR;SMA (UMUM);1365;ORANG;2020
1160;32;JAWA BARAT;3279;KOTA BANJAR;SMA (KEJURUAN);2343;ORANG;2020
1161;32;JAWA BARAT;3279;KOTA BANJAR;DIPLOMA I/II/III/AKADEMI/UNIVERSITAS;677;ORANG;2020
1162;32;JAWA BARAT;3201;KABUPATEN BOGOR;SD KE BAWAH;87425;ORANG;2021
1163;32;JAWA BARAT;3201;KABUPATEN BOGOR;SMP;62464;ORANG;2021
1164;32;JAWA BARAT;3201;KABUPATEN BOGOR;SMA (UMUM);70395;ORANG;2021
1165;32;JAWA BARAT;3201;KABUPATEN BOGOR;SMA (KEJURUAN);102884;ORANG;2021
1166;32;JAWA BARAT;3201;KABUPATEN BOGOR;DIPLOMA I/II/III/AKADEMI/UNIVERSITAS;17436;ORANG;2021
1167;32;JAWA BARAT;3202;KABUPATEN SUKABUMI;SD KE BAWAH;35424;ORANG;2021
1168;32;JAWA BARAT;3202;KABUPATEN SUKABUMI;SMP;26774;ORANG;2021
1169;32;JAWA BARAT;3202;KABUPATEN SUKABUMI;SMA (UMUM);25255;ORANG;2021
1170;32;JAWA BARAT;3202;KABUPATEN SUKABUMI;SMA (KEJURUAN);26696;ORANG;2021
1171;32;JAWA BARAT;3202;KABUPATEN SUKABUMI;DIPLOMA I/II/III/AKADEMI/UNIVERSITAS;2132;ORANG;2021
1172;32;JAWA BARAT;3203;KABUPATEN CIANJUR;SD KE BAWAH;41565;ORANG;2021
1173;32;JAWA BARAT;3203;KABUPATEN CIANJUR;SMP;25909;ORANG;2021
1174;32;JAWA BARAT;3203;KABUPATEN CIANJUR;SMA (UMUM);19472;ORANG;2021
1175;32;JAWA BARAT;3203;KABUPATEN CIANJUR;SMA (KEJURUAN);19215;ORANG;2021
1176;32;JAWA BARAT;3203;KABUPATEN CIANJUR;DIPLOMA I/II/III/AKADEMI/UNIVERSITAS;3401;ORANG;2021
1177;32;JAWA BARAT;3204;KABUPATEN BANDUNG;SD KE BAWAH;29774;ORANG;2021
1178;32;JAWA BARAT;3204;KABUPATEN BANDUNG;SMP;32909;ORANG;2021
1179;32;JAWA BARAT;3204;KABUPATEN BANDUNG;SMA (UMUM);55342;ORANG;2021
1180;32;JAWA BARAT;3204;KABUPATEN BANDUNG;SMA (KEJURUAN);20976;ORANG;2021
1181;32;JAWA BARAT;3204;KABUPATEN BANDUNG;DIPLOMA I/II/III/AKADEMI/UNIVERSITAS;12907;ORANG;2021
1182;32;JAWA BARAT;3205;KABUPATEN GARUT;SD KE BAWAH;36023;ORANG;2021
1183;32;JAWA BARAT;3205;KABUPATEN GARUT;SMP;20359;ORANG;2021
1184;32;JAWA BARAT;3205;KABUPATEN GARUT;SMA (UMUM);30617;ORANG;2021
1185;32;JAWA BARAT;3205;KABUPATEN GARUT;SMA (KEJURUAN);14404;ORANG;2021
1186;32;JAWA BARAT;3205;KABUPATEN GARUT;DIPLOMA I/II/III/AKADEMI/UNIVERSITAS;2809;ORANG;2021
1187;32;JAWA BARAT;3206;KABUPATEN TASIKMALAYA;SD KE BAWAH;23584;ORANG;2021
1188;32;JAWA BARAT;3206;KABUPATEN TASIKMALAYA;SMP;9884;ORANG;2021
1189;32;JAWA BARAT;3206;KABUPATEN TASIKMALAYA;SMA (UMUM);4769;ORANG;2021
1190;32;JAWA BARAT;3206;KABUPATEN TASIKMALAYA;SMA (KEJURUAN);15545;ORANG;2021
1191;32;JAWA BARAT;3206;KABUPATEN TASIKMALAYA;DIPLOMA I/II/III/AKADEMI/UNIVERSITAS;3889;ORANG;2021
1192;32;JAWA BARAT;3207;KABUPATEN CIAMIS;SD KE BAWAH;8775;ORANG;2021
1193;32;JAWA BARAT;3207;KABUPATEN CIAMIS;SMP;4340;ORANG;2021
1194;32;JAWA BARAT;3207;KABUPATEN CIAMIS;SMA (UMUM);5453;ORANG;2021
1195;32;JAWA BARAT;3207;KABUPATEN CIAMIS;SMA (KEJURUAN);11536;ORANG;2021
1196;32;JAWA BARAT;3207;KABUPATEN CIAMIS;DIPLOMA I/II/III/AKADEMI/UNIVERSITAS;3857;ORANG;2021
1197;32;JAWA BARAT;3208;KABUPATEN KUNINGAN;SD KE BAWAH;24349;ORANG;2021
1198;32;JAWA BARAT;3208;KABUPATEN KUNINGAN;SMP;14095;ORANG;2021
1199;32;JAWA BARAT;3208;KABUPATEN KUNINGAN;SMA (UMUM);7757;ORANG;2021
1200;32;JAWA BARAT;3208;KABUPATEN KUNINGAN;SMA (KEJURUAN);14087;ORANG;2021
1201;32;JAWA BARAT;3208;KABUPATEN KUNINGAN;DIPLOMA I/II/III/AKADEMI/UNIVERSITAS;3089;ORANG;2021
1202;32;JAWA BARAT;3209;KABUPATEN CIREBON;SD KE BAWAH;35239;ORANG;2021
1203;32;JAWA BARAT;3209;KABUPATEN CIREBON;SMP;21525;ORANG;2021
1204;32;JAWA BARAT;3209;KABUPATEN CIREBON;SMA (UMUM);22716;ORANG;2021
1205;32;JAWA BARAT;3209;KABUPATEN CIREBON;SMA (KEJURUAN);31088;ORANG;2021
1206;32;JAWA BARAT;3209;KABUPATEN CIREBON;DIPLOMA I/II/III/AKADEMI/UNIVERSITAS;1861;ORANG;2021
1207;32;JAWA BARAT;3210;KABUPATEN MAJALENGKA;SD KE BAWAH;10628;ORANG;2021
1208;32;JAWA BARAT;3210;KABUPATEN MAJALENGKA;SMP;9796;ORANG;2021
1209;32;JAWA BARAT;3210;KABUPATEN MAJALENGKA;SMA (UMUM);6942;ORANG;2021
1210;32;JAWA BARAT;3210;KABUPATEN MAJALENGKA;SMA (KEJURUAN);7892;ORANG;2021
1211;32;JAWA BARAT;3210;KABUPATEN MAJALENGKA;DIPLOMA I/II/III/AKADEMI/UNIVERSITAS;1924;ORANG;2021
1212;32;JAWA BARAT;3211;KABUPATEN SUMEDANG;SD KE BAWAH;8867;ORANG;2021
1213;32;JAWA BARAT;3211;KABUPATEN SUMEDANG;SMP;12676;ORANG;2021
1214;32;JAWA BARAT;3211;KABUPATEN SUMEDANG;SMA (UMUM);13830;ORANG;2021
1215;32;JAWA BARAT;3211;KABUPATEN SUMEDANG;SMA (KEJURUAN);19925;ORANG;2021
1216;32;JAWA BARAT;3211;KABUPATEN SUMEDANG;DIPLOMA I/II/III/AKADEMI/UNIVERSITAS;3472;ORANG;2021
1217;32;JAWA BARAT;3212;KABUPATEN INDRAMAYU;SD KE BAWAH;33691;ORANG;2021
1218;32;JAWA BARAT;3212;KABUPATEN INDRAMAYU;SMP;11853;ORANG;2021
1219;32;JAWA BARAT;3212;KABUPATEN INDRAMAYU;SMA (UMUM);12221;ORANG;2021
1220;32;JAWA BARAT;3212;KABUPATEN INDRAMAYU;SMA (KEJURUAN);21476;ORANG;2021
1221;32;JAWA BARAT;3212;KABUPATEN INDRAMAYU;DIPLOMA I/II/III/AKADEMI/UNIVERSITAS;0;ORANG;2021
1222;32;JAWA BARAT;3213;KABUPATEN SUBANG;SD KE BAWAH;20910;ORANG;2021
1223;32;JAWA BARAT;3213;KABUPATEN SUBANG;SMP;18226;ORANG;2021
1224;32;JAWA BARAT;3213;KABUPATEN SUBANG;SMA (UMUM);19158;ORANG;2021
1225;32;JAWA BARAT;3213;KABUPATEN SUBANG;SMA (KEJURUAN);19417;ORANG;2021
1226;32;JAWA BARAT;3213;KABUPATEN SUBANG;DIPLOMA I/II/III/AKADEMI/UNIVERSITAS;4962;ORANG;2021
1227;32;JAWA BARAT;3214;KABUPATEN PURWAKARTA;SD KE BAWAH;14094;ORANG;2021
1228;32;JAWA BARAT;3214;KABUPATEN PURWAKARTA;SMP;7937;ORANG;2021
1229;32;JAWA BARAT;3214;KABUPATEN PURWAKARTA;SMA (UMUM);10560;ORANG;2021
1230;32;JAWA BARAT;3214;KABUPATEN PURWAKARTA;SMA (KEJURUAN);12434;ORANG;2021
1231;32;JAWA BARAT;3214;KABUPATEN PURWAKARTA;DIPLOMA I/II/III/AKADEMI/UNIVERSITAS;1902;ORANG;2021
1232;32;JAWA BARAT;3215;KABUPATEN KARAWANG;SD KE BAWAH;29578;ORANG;2021
1233;32;JAWA BARAT;3215;KABUPATEN KARAWANG;SMP;17364;ORANG;2021
1234;32;JAWA BARAT;3215;KABUPATEN KARAWANG;SMA (UMUM);40207;ORANG;2021
1235;32;JAWA BARAT;3215;KABUPATEN KARAWANG;SMA (KEJURUAN);44738;ORANG;2021
1236;32;JAWA BARAT;3215;KABUPATEN KARAWANG;DIPLOMA I/II/III/AKADEMI/UNIVERSITAS;5525;ORANG;2021
1237;32;JAWA BARAT;3216;KABUPATEN BEKASI;SD KE BAWAH;16392;ORANG;2021
1238;32;JAWA BARAT;3216;KABUPATEN BEKASI;SMP;27491;ORANG;2021
1239;32;JAWA BARAT;3216;KABUPATEN BEKASI;SMA (UMUM);42418;ORANG;2021
1240;32;JAWA BARAT;3216;KABUPATEN BEKASI;SMA (KEJURUAN);85519;ORANG;2021
1241;32;JAWA BARAT;3216;KABUPATEN BEKASI;DIPLOMA I/II/III/AKADEMI/UNIVERSITAS;25327;ORANG;2021
1242;32;JAWA BARAT;3217;KABUPATEN BANDUNG BARAT;SD KE BAWAH;22191;ORANG;2021
1243;32;JAWA BARAT;3217;KABUPATEN BANDUNG BARAT;SMP;18540;ORANG;2021
1244;32;JAWA BARAT;3217;KABUPATEN BANDUNG BARAT;SMA (UMUM);28826;ORANG;2021
1245;32;JAWA BARAT;3217;KABUPATEN BANDUNG BARAT;SMA (KEJURUAN);13456;ORANG;2021
1246;32;JAWA BARAT;3217;KABUPATEN BANDUNG BARAT;DIPLOMA I/II/III/AKADEMI/UNIVERSITAS;6189;ORANG;2021
1247;32;JAWA BARAT;3218;KABUPATEN PANGANDARAN;SD KE BAWAH;1409;ORANG;2021
1248;32;JAWA BARAT;3218;KABUPATEN PANGANDARAN;SMP;1775;ORANG;2021
1249;32;JAWA BARAT;3218;KABUPATEN PANGANDARAN;SMA (UMUM);1974;ORANG;2021
1250;32;JAWA BARAT;3218;KABUPATEN PANGANDARAN;SMA (KEJURUAN);2535;ORANG;2021
1251;32;JAWA BARAT;3218;KABUPATEN PANGANDARAN;DIPLOMA I/II/III/AKADEMI/UNIVERSITAS;146;ORANG;2021
1252;32;JAWA BARAT;3271;KOTA BOGOR;SD KE BAWAH;10786;ORANG;2021
1253;32;JAWA BARAT;3271;KOTA BOGOR;SMP;10139;ORANG;2021
1254;32;JAWA BARAT;3271;KOTA BOGOR;SMA (UMUM);15759;ORANG;2021
1255;32;JAWA BARAT;3271;KOTA BOGOR;SMA (KEJURUAN);23089;ORANG;2021
1256;32;JAWA BARAT;3271;KOTA BOGOR;DIPLOMA I/II/III/AKADEMI/UNIVERSITAS;2585;ORANG;2021
1257;32;JAWA BARAT;3272;KOTA SUKABUMI;SD KE BAWAH;2181;ORANG;2021
1258;32;JAWA BARAT;3272;KOTA SUKABUMI;SMP;2472;ORANG;2021
1259;32;JAWA BARAT;3272;KOTA SUKABUMI;SMA (UMUM);5818;ORANG;2021
1260;32;JAWA BARAT;3272;KOTA SUKABUMI;SMA (KEJURUAN);3554;ORANG;2021
1261;32;JAWA BARAT;3272;KOTA SUKABUMI;DIPLOMA I/II/III/AKADEMI/UNIVERSITAS;1494;ORANG;2021
1262;32;JAWA BARAT;3273;KOTA BANDUNG;SD KE BAWAH;18581;ORANG;2021
1263;32;JAWA BARAT;3273;KOTA BANDUNG;SMP;28379;ORANG;2021
1264;32;JAWA BARAT;3273;KOTA BANDUNG;SMA (UMUM);41386;ORANG;2021
1265;32;JAWA BARAT;3273;KOTA BANDUNG;SMA (KEJURUAN);36965;ORANG;2021
1266;32;JAWA BARAT;3273;KOTA BANDUNG;DIPLOMA I/II/III/AKADEMI/UNIVERSITAS;28194;ORANG;2021
1267;32;JAWA BARAT;3274;KOTA CIREBON;SD KE BAWAH;2295;ORANG;2021
1268;32;JAWA BARAT;3274;KOTA CIREBON;SMP;3667;ORANG;2021
1269;32;JAWA BARAT;3274;KOTA CIREBON;SMA (UMUM);3578;ORANG;2021
1270;32;JAWA BARAT;3274;KOTA CIREBON;SMA (KEJURUAN);4429;ORANG;2021
1271;32;JAWA BARAT;3274;KOTA CIREBON;DIPLOMA I/II/III/AKADEMI/UNIVERSITAS;2432;ORANG;2021
1272;32;JAWA BARAT;3275;KOTA BEKASI;SD KE BAWAH;15334;ORANG;2021
1273;32;JAWA BARAT;3275;KOTA BEKASI;SMP;12077;ORANG;2021
1274;32;JAWA BARAT;3275;KOTA BEKASI;SMA (UMUM);40548;ORANG;2021
1275;32;JAWA BARAT;3275;KOTA BEKASI;SMA (KEJURUAN);56194;ORANG;2021
1276;32;JAWA BARAT;3275;KOTA BEKASI;DIPLOMA I/II/III/AKADEMI/UNIVERSITAS;43821;ORANG;2021
1277;32;JAWA BARAT;3276;KOTA DEPOK;SD KE BAWAH;13084;ORANG;2021
1278;32;JAWA BARAT;3276;KOTA DEPOK;SMP;9211;ORANG;2021
1279;32;JAWA BARAT;3276;KOTA DEPOK;SMA (UMUM);31470;ORANG;2021
1280;32;JAWA BARAT;3276;KOTA DEPOK;SMA (KEJURUAN);47534;ORANG;2021
1281;32;JAWA BARAT;3276;KOTA DEPOK;DIPLOMA I/II/III/AKADEMI/UNIVERSITAS;16517;ORANG;2021
1282;32;JAWA BARAT;3277;KOTA CIMAHI;SD KE BAWAH;2654;ORANG;2021
1283;32;JAWA BARAT;3277;KOTA CIMAHI;SMP;6409;ORANG;2021
1284;32;JAWA BARAT;3277;KOTA CIMAHI;SMA (UMUM);8486;ORANG;2021
1285;32;JAWA BARAT;3277;KOTA CIMAHI;SMA (KEJURUAN);15220;ORANG;2021
1286;32;JAWA BARAT;3277;KOTA CIMAHI;DIPLOMA I/II/III/AKADEMI/UNIVERSITAS;5424;ORANG;2021
1287;32;JAWA BARAT;3278;KOTA TASIKMALAYA;SD KE BAWAH;7195;ORANG;2021
1288;32;JAWA BARAT;3278;KOTA TASIKMALAYA;SMP;3832;ORANG;2021
1289;32;JAWA BARAT;3278;KOTA TASIKMALAYA;SMA (UMUM);6207;ORANG;2021
1290;32;JAWA BARAT;3278;KOTA TASIKMALAYA;SMA (KEJURUAN);6385;ORANG;2021
1291;32;JAWA BARAT;3278;KOTA TASIKMALAYA;DIPLOMA I/II/III/AKADEMI/UNIVERSITAS;2617;ORANG;2021
1292;32;JAWA BARAT;3279;KOTA BANJAR;SD KE BAWAH;1280;ORANG;2021
1293;32;JAWA BARAT;3279;KOTA BANJAR;SMP;739;ORANG;2021
1294;32;JAWA BARAT;3279;KOTA BANJAR;SMA (UMUM);924;ORANG;2021
1295;32;JAWA BARAT;3279;KOTA BANJAR;SMA (KEJURUAN);2517;ORANG;2021
1296;32;JAWA BARAT;3279;KOTA BANJAR;DIPLOMA I/II/III/AKADEMI/UNIVERSITAS;287;ORANG;2021
1297;32;JAWA BARAT;3201;KABUPATEN BOGOR;SD KE BAWAH;105933;ORANG;2022
1298;32;JAWA BARAT;3201;KABUPATEN BOGOR;SMP;63193;ORANG;2022
1299;32;JAWA BARAT;3201;KABUPATEN BOGOR;SMA (UMUM);61156;ORANG;2022
1300;32;JAWA BARAT;3201;KABUPATEN BOGOR;SMA (KEJURUAN);66724;ORANG;2022
1301;32;JAWA BARAT;3201;KABUPATEN BOGOR;DIPLOMA I/II/III/AKADEMI/UNIVERSITAS;11159;ORANG;2022
1302;32;JAWA BARAT;3202;KABUPATEN SUKABUMI;SD KE BAWAH;29693;ORANG;2022
1303;32;JAWA BARAT;3202;KABUPATEN SUKABUMI;SMP;21204;ORANG;2022
1304;32;JAWA BARAT;3202;KABUPATEN SUKABUMI;SMA (UMUM);31176;ORANG;2022
1305;32;JAWA BARAT;3202;KABUPATEN SUKABUMI;SMA (KEJURUAN);20069;ORANG;2022
1306;32;JAWA BARAT;3202;KABUPATEN SUKABUMI;DIPLOMA I/II/III/AKADEMI/UNIVERSITAS;0;ORANG;2022
1307;32;JAWA BARAT;3203;KABUPATEN CIANJUR;SD KE BAWAH;47812;ORANG;2022
1308;32;JAWA BARAT;3203;KABUPATEN CIANJUR;SMP;22474;ORANG;2022
1309;32;JAWA BARAT;3203;KABUPATEN CIANJUR;SMA (UMUM);18237;ORANG;2022
1310;32;JAWA BARAT;3203;KABUPATEN CIANJUR;SMA (KEJURUAN);13513;ORANG;2022
1311;32;JAWA BARAT;3203;KABUPATEN CIANJUR;DIPLOMA I/II/III/AKADEMI/UNIVERSITAS;767;ORANG;2022
1312;32;JAWA BARAT;3204;KABUPATEN BANDUNG;SD KE BAWAH;15497;ORANG;2022
1313;32;JAWA BARAT;3204;KABUPATEN BANDUNG;SMP;21894;ORANG;2022
1314;32;JAWA BARAT;3204;KABUPATEN BANDUNG;SMA (UMUM);46843;ORANG;2022
1315;32;JAWA BARAT;3204;KABUPATEN BANDUNG;SMA (KEJURUAN);30251;ORANG;2022
1316;32;JAWA BARAT;3204;KABUPATEN BANDUNG;DIPLOMA I/II/III/AKADEMI/UNIVERSITAS;11804;ORANG;2022
1317;32;JAWA BARAT;3205;KABUPATEN GARUT;SD KE BAWAH;27216;ORANG;2022
1318;32;JAWA BARAT;3205;KABUPATEN GARUT;SMP;31534;ORANG;2022
1319;32;JAWA BARAT;3205;KABUPATEN GARUT;SMA (UMUM);28811;ORANG;2022
1320;32;JAWA BARAT;3205;KABUPATEN GARUT;SMA (KEJURUAN);12534;ORANG;2022
1321;32;JAWA BARAT;3205;KABUPATEN GARUT;DIPLOMA I/II/III/AKADEMI/UNIVERSITAS;1040;ORANG;2022
1322;32;JAWA BARAT;3206;KABUPATEN TASIKMALAYA;SD KE BAWAH;9508;ORANG;2022
1323;32;JAWA BARAT;3206;KABUPATEN TASIKMALAYA;SMP;3459;ORANG;2022
1324;32;JAWA BARAT;3206;KABUPATEN TASIKMALAYA;SMA (UMUM);11719;ORANG;2022
1325;32;JAWA BARAT;3206;KABUPATEN TASIKMALAYA;SMA (KEJURUAN);14561;ORANG;2022
1326;32;JAWA BARAT;3206;KABUPATEN TASIKMALAYA;DIPLOMA I/II/III/AKADEMI/UNIVERSITAS;0;ORANG;2022
1327;32;JAWA BARAT;3207;KABUPATEN CIAMIS;SD KE BAWAH;1223;ORANG;2022
1328;32;JAWA BARAT;3207;KABUPATEN CIAMIS;SMP;6704;ORANG;2022
1329;32;JAWA BARAT;3207;KABUPATEN CIAMIS;SMA (UMUM);6248;ORANG;2022
1330;32;JAWA BARAT;3207;KABUPATEN CIAMIS;SMA (KEJURUAN);7754;ORANG;2022
1331;32;JAWA BARAT;3207;KABUPATEN CIAMIS;DIPLOMA I/II/III/AKADEMI/UNIVERSITAS;2994;ORANG;2022
1332;32;JAWA BARAT;3208;KABUPATEN KUNINGAN;SD KE BAWAH;15298;ORANG;2022
1333;32;JAWA BARAT;3208;KABUPATEN KUNINGAN;SMP;10341;ORANG;2022
1334;32;JAWA BARAT;3208;KABUPATEN KUNINGAN;SMA (UMUM);11066;ORANG;2022
1335;32;JAWA BARAT;3208;KABUPATEN KUNINGAN;SMA (KEJURUAN);13189;ORANG;2022
1336;32;JAWA BARAT;3208;KABUPATEN KUNINGAN;DIPLOMA I/II/III/AKADEMI/UNIVERSITAS;2181;ORANG;2022
1337;32;JAWA BARAT;3209;KABUPATEN CIREBON;SD KE BAWAH;28951;ORANG;2022
1338;32;JAWA BARAT;3209;KABUPATEN CIREBON;SMP;13283;ORANG;2022
1339;32;JAWA BARAT;3209;KABUPATEN CIREBON;SMA (UMUM);18977;ORANG;2022
1340;32;JAWA BARAT;3209;KABUPATEN CIREBON;SMA (KEJURUAN);23860;ORANG;2022
1341;32;JAWA BARAT;3209;KABUPATEN CIREBON;DIPLOMA I/II/III/AKADEMI/UNIVERSITAS;5047;ORANG;2022
1342;32;JAWA BARAT;3210;KABUPATEN MAJALENGKA;SD KE BAWAH;8195;ORANG;2022
1343;32;JAWA BARAT;3210;KABUPATEN MAJALENGKA;SMP;6374;ORANG;2022
1344;32;JAWA BARAT;3210;KABUPATEN MAJALENGKA;SMA (UMUM);4894;ORANG;2022
1345;32;JAWA BARAT;3210;KABUPATEN MAJALENGKA;SMA (KEJURUAN);4652;ORANG;2022
1346;32;JAWA BARAT;3210;KABUPATEN MAJALENGKA;DIPLOMA I/II/III/AKADEMI/UNIVERSITAS;2693;ORANG;2022
1347;32;JAWA BARAT;3211;KABUPATEN SUMEDANG;SD KE BAWAH;15144;ORANG;2022
1348;32;JAWA BARAT;3211;KABUPATEN SUMEDANG;SMP;10160;ORANG;2022
1349;32;JAWA BARAT;3211;KABUPATEN SUMEDANG;SMA (UMUM);9114;ORANG;2022
1350;32;JAWA BARAT;3211;KABUPATEN SUMEDANG;SMA (KEJURUAN);10822;ORANG;2022
1351;32;JAWA BARAT;3211;KABUPATEN SUMEDANG;DIPLOMA I/II/III/AKADEMI/UNIVERSITAS;1815;ORANG;2022
1352;32;JAWA BARAT;3212;KABUPATEN INDRAMAYU;SD KE BAWAH;11854;ORANG;2022
1353;32;JAWA BARAT;3212;KABUPATEN INDRAMAYU;SMP;9048;ORANG;2022
1354;32;JAWA BARAT;3212;KABUPATEN INDRAMAYU;SMA (UMUM);18290;ORANG;2022
1355;32;JAWA BARAT;3212;KABUPATEN INDRAMAYU;SMA (KEJURUAN);19281;ORANG;2022
1356;32;JAWA BARAT;3212;KABUPATEN INDRAMAYU;DIPLOMA I/II/III/AKADEMI/UNIVERSITAS;3376;ORANG;2022
1357;32;JAWA BARAT;3213;KABUPATEN SUBANG;SD KE BAWAH;20788;ORANG;2022
1358;32;JAWA BARAT;3213;KABUPATEN SUBANG;SMP;15467;ORANG;2022
1359;32;JAWA BARAT;3213;KABUPATEN SUBANG;SMA (UMUM);12162;ORANG;2022
1360;32;JAWA BARAT;3213;KABUPATEN SUBANG;SMA (KEJURUAN);17188;ORANG;2022
1361;32;JAWA BARAT;3213;KABUPATEN SUBANG;DIPLOMA I/II/III/AKADEMI/UNIVERSITAS;1826;ORANG;2022
1362;32;JAWA BARAT;3214;KABUPATEN PURWAKARTA;SD KE BAWAH;12125;ORANG;2022
1363;32;JAWA BARAT;3214;KABUPATEN PURWAKARTA;SMP;5031;ORANG;2022
1364;32;JAWA BARAT;3214;KABUPATEN PURWAKARTA;SMA (UMUM);7210;ORANG;2022
1365;32;JAWA BARAT;3214;KABUPATEN PURWAKARTA;SMA (KEJURUAN);12206;ORANG;2022
1366;32;JAWA BARAT;3214;KABUPATEN PURWAKARTA;DIPLOMA I/II/III/AKADEMI/UNIVERSITAS;4715;ORANG;2022
1367;32;JAWA BARAT;3215;KABUPATEN KARAWANG;SD KE BAWAH;26416;ORANG;2022
1368;32;JAWA BARAT;3215;KABUPATEN KARAWANG;SMP;19158;ORANG;2022
1369;32;JAWA BARAT;3215;KABUPATEN KARAWANG;SMA (UMUM);25052;ORANG;2022
1370;32;JAWA BARAT;3215;KABUPATEN KARAWANG;SMA (KEJURUAN);41230;ORANG;2022
1371;32;JAWA BARAT;3215;KABUPATEN KARAWANG;DIPLOMA I/II/III/AKADEMI/UNIVERSITAS;6152;ORANG;2022
1372;32;JAWA BARAT;3216;KABUPATEN BEKASI;SD KE BAWAH;4656;ORANG;2022
1373;32;JAWA BARAT;3216;KABUPATEN BEKASI;SMP;9925;ORANG;2022
1374;32;JAWA BARAT;3216;KABUPATEN BEKASI;SMA (UMUM);74617;ORANG;2022
1375;32;JAWA BARAT;3216;KABUPATEN BEKASI;SMA (KEJURUAN);94209;ORANG;2022
1376;32;JAWA BARAT;3216;KABUPATEN BEKASI;DIPLOMA I/II/III/AKADEMI/UNIVERSITAS;23432;ORANG;2022
1377;32;JAWA BARAT;3217;KABUPATEN BANDUNG BARAT;SD KE BAWAH;37684;ORANG;2022
1378;32;JAWA BARAT;3217;KABUPATEN BANDUNG BARAT;SMP;13066;ORANG;2022
1379;32;JAWA BARAT;3217;KABUPATEN BANDUNG BARAT;SMA (UMUM);14577;ORANG;2022
1380;32;JAWA BARAT;3217;KABUPATEN BANDUNG BARAT;SMA (KEJURUAN);10628;ORANG;2022
1381;32;JAWA BARAT;3217;KABUPATEN BANDUNG BARAT;DIPLOMA I/II/III/AKADEMI/UNIVERSITAS;2965;ORANG;2022
1382;32;JAWA BARAT;3218;KABUPATEN PANGANDARAN;SD KE BAWAH;142;ORANG;2022
1383;32;JAWA BARAT;3218;KABUPATEN PANGANDARAN;SMP;432;ORANG;2022
1384;32;JAWA BARAT;3218;KABUPATEN PANGANDARAN;SMA (UMUM);812;ORANG;2022
1385;32;JAWA BARAT;3218;KABUPATEN PANGANDARAN;SMA (KEJURUAN);2170;ORANG;2022
1386;32;JAWA BARAT;3218;KABUPATEN PANGANDARAN;DIPLOMA I/II/III/AKADEMI/UNIVERSITAS;521;ORANG;2022
1387;32;JAWA BARAT;3271;KOTA BOGOR;SD KE BAWAH;10163;ORANG;2022
1388;32;JAWA BARAT;3271;KOTA BOGOR;SMP;5569;ORANG;2022
1389;32;JAWA BARAT;3271;KOTA BOGOR;SMA (UMUM);16012;ORANG;2022
1390;32;JAWA BARAT;3271;KOTA BOGOR;SMA (KEJURUAN);21640;ORANG;2022
1391;32;JAWA BARAT;3271;KOTA BOGOR;DIPLOMA I/II/III/AKADEMI/UNIVERSITAS;6587;ORANG;2022
1392;32;JAWA BARAT;3272;KOTA SUKABUMI;SD KE BAWAH;1267;ORANG;2022
1393;32;JAWA BARAT;3272;KOTA SUKABUMI;SMP;1484;ORANG;2022
1394;32;JAWA BARAT;3272;KOTA SUKABUMI;SMA (UMUM);3206;ORANG;2022
1395;32;JAWA BARAT;3272;KOTA SUKABUMI;SMA (KEJURUAN);6901;ORANG;2022
1396;32;JAWA BARAT;3272;KOTA SUKABUMI;DIPLOMA I/II/III/AKADEMI/UNIVERSITAS;1238;ORANG;2022
1397;32;JAWA BARAT;3273;KOTA BANDUNG;SD KE BAWAH;5886;ORANG;2022
1398;32;JAWA BARAT;3273;KOTA BANDUNG;SMP;22413;ORANG;2022
1399;32;JAWA BARAT;3273;KOTA BANDUNG;SMA (UMUM);60723;ORANG;2022
1400;32;JAWA BARAT;3273;KOTA BANDUNG;SMA (KEJURUAN);28388;ORANG;2022
1401;32;JAWA BARAT;3273;KOTA BANDUNG;DIPLOMA I/II/III/AKADEMI/UNIVERSITAS;19688;ORANG;2022
1402;32;JAWA BARAT;3274;KOTA CIREBON;SD KE BAWAH;2403;ORANG;2022
1403;32;JAWA BARAT;3274;KOTA CIREBON;SMP;3341;ORANG;2022
1404;32;JAWA BARAT;3274;KOTA CIREBON;SMA (UMUM);4859;ORANG;2022
1405;32;JAWA BARAT;3274;KOTA CIREBON;SMA (KEJURUAN);2099;ORANG;2022
1406;32;JAWA BARAT;3274;KOTA CIREBON;DIPLOMA I/II/III/AKADEMI/UNIVERSITAS;1077;ORANG;2022
1407;32;JAWA BARAT;3275;KOTA BEKASI;SD KE BAWAH;2490;ORANG;2022
1408;32;JAWA BARAT;3275;KOTA BEKASI;SMP;28081;ORANG;2022
1409;32;JAWA BARAT;3275;KOTA BEKASI;SMA (UMUM);38829;ORANG;2022
1410;32;JAWA BARAT;3275;KOTA BEKASI;SMA (KEJURUAN);42923;ORANG;2022
1411;32;JAWA BARAT;3275;KOTA BEKASI;DIPLOMA I/II/III/AKADEMI/UNIVERSITAS;27999;ORANG;2022
1412;32;JAWA BARAT;3276;KOTA DEPOK;SD KE BAWAH;5102;ORANG;2022
1413;32;JAWA BARAT;3276;KOTA DEPOK;SMP;11375;ORANG;2022
1414;32;JAWA BARAT;3276;KOTA DEPOK;SMA (UMUM);26247;ORANG;2022
1415;32;JAWA BARAT;3276;KOTA DEPOK;SMA (KEJURUAN);38314;ORANG;2022
1416;32;JAWA BARAT;3276;KOTA DEPOK;DIPLOMA I/II/III/AKADEMI/UNIVERSITAS;17388;ORANG;2022
1417;32;JAWA BARAT;3277;KOTA CIMAHI;SD KE BAWAH;0;ORANG;2022
1418;32;JAWA BARAT;3277;KOTA CIMAHI;SMP;11239;ORANG;2022
1419;32;JAWA BARAT;3277;KOTA CIMAHI;SMA (UMUM);8856;ORANG;2022
1420;32;JAWA BARAT;3277;KOTA CIMAHI;SMA (KEJURUAN);7499;ORANG;2022
1421;32;JAWA BARAT;3277;KOTA CIMAHI;DIPLOMA I/II/III/AKADEMI/UNIVERSITAS;6942;ORANG;2022
1422;32;JAWA BARAT;3278;KOTA TASIKMALAYA;SD KE BAWAH;2765;ORANG;2022
1423;32;JAWA BARAT;3278;KOTA TASIKMALAYA;SMP;3002;ORANG;2022
1424;32;JAWA BARAT;3278;KOTA TASIKMALAYA;SMA (UMUM);6368;ORANG;2022
1425;32;JAWA BARAT;3278;KOTA TASIKMALAYA;SMA (KEJURUAN);8324;ORANG;2022
1426;32;JAWA BARAT;3278;KOTA TASIKMALAYA;DIPLOMA I/II/III/AKADEMI/UNIVERSITAS;2505;ORANG;2022
1427;32;JAWA BARAT;3279;KOTA BANJAR;SD KE BAWAH;331;ORANG;2022
1428;32;JAWA BARAT;3279;KOTA BANJAR;SMP;1169;ORANG;2022
1429;32;JAWA BARAT;3279;KOTA BANJAR;SMA (UMUM);1679;ORANG;2022
1430;32;JAWA BARAT;3279;KOTA BANJAR;SMA (KEJURUAN);1942;ORANG;2022
1431;32;JAWA BARAT;3279;KOTA BANJAR;DIPLOMA I/II/III/AKADEMI/UNIVERSITAS;122;ORANG;2022
1432;32;JAWA BARAT;3201;KABUPATEN BOGOR;SD KE BAWAH;52659;ORANG;2023
1433;32;JAWA BARAT;3201;KABUPATEN BOGOR;SMP;39042;ORANG;2023
1434;32;JAWA BARAT;3201;KABUPATEN BOGOR;SMA (UMUM);55788;ORANG;2023
1435;32;JAWA BARAT;3201;KABUPATEN BOGOR;SMA (KEJURUAN);67286;ORANG;2023
1436;32;JAWA BARAT;3201;KABUPATEN BOGOR;DIPLOMA I/II/III/AKADEMI/UNIVERSITAS;16913;ORANG;2023
1437;32;JAWA BARAT;3202;KABUPATEN SUKABUMI;SD KE BAWAH;17600;ORANG;2023
1438;32;JAWA BARAT;3202;KABUPATEN SUKABUMI;SMP;23978;ORANG;2023
1439;32;JAWA BARAT;3202;KABUPATEN SUKABUMI;SMA (UMUM);34057;ORANG;2023
1440;32;JAWA BARAT;3202;KABUPATEN SUKABUMI;SMA (KEJURUAN);24660;ORANG;2023
1441;32;JAWA BARAT;3202;KABUPATEN SUKABUMI;DIPLOMA I/II/III/AKADEMI/UNIVERSITAS;5934;ORANG;2023
1442;32;JAWA BARAT;3203;KABUPATEN CIANJUR;SD KE BAWAH;27004;ORANG;2023
1443;32;JAWA BARAT;3203;KABUPATEN CIANJUR;SMP;23697;ORANG;2023
1444;32;JAWA BARAT;3203;KABUPATEN CIANJUR;SMA (UMUM);31909;ORANG;2023
1445;32;JAWA BARAT;3203;KABUPATEN CIANJUR;SMA (KEJURUAN);22581;ORANG;2023
1446;32;JAWA BARAT;3203;KABUPATEN CIANJUR;DIPLOMA I/II/III/AKADEMI/UNIVERSITAS;2024;ORANG;2023
1447;32;JAWA BARAT;3204;KABUPATEN BANDUNG;SD KE BAWAH;24585;ORANG;2023
1448;32;JAWA BARAT;3204;KABUPATEN BANDUNG;SMP;22035;ORANG;2023
1449;32;JAWA BARAT;3204;KABUPATEN BANDUNG;SMA (UMUM);43077;ORANG;2023
1450;32;JAWA BARAT;3204;KABUPATEN BANDUNG;SMA (KEJURUAN);24936;ORANG;2023
1451;32;JAWA BARAT;3204;KABUPATEN BANDUNG;DIPLOMA I/II/III/AKADEMI/UNIVERSITAS;7796;ORANG;2023
1452;32;JAWA BARAT;3205;KABUPATEN GARUT;SD KE BAWAH;27783;ORANG;2023
1453;32;JAWA BARAT;3205;KABUPATEN GARUT;SMP;14951;ORANG;2023
1454;32;JAWA BARAT;3205;KABUPATEN GARUT;SMA (UMUM);27295;ORANG;2023
1455;32;JAWA BARAT;3205;KABUPATEN GARUT;SMA (KEJURUAN);26796;ORANG;2023
1456;32;JAWA BARAT;3205;KABUPATEN GARUT;DIPLOMA I/II/III/AKADEMI/UNIVERSITAS;5185;ORANG;2023
1457;32;JAWA BARAT;3206;KABUPATEN TASIKMALAYA;SD KE BAWAH;6333;ORANG;2023
1458;32;JAWA BARAT;3206;KABUPATEN TASIKMALAYA;SMP;8126;ORANG;2023
1459;32;JAWA BARAT;3206;KABUPATEN TASIKMALAYA;SMA (UMUM);6846;ORANG;2023
1460;32;JAWA BARAT;3206;KABUPATEN TASIKMALAYA;SMA (KEJURUAN);17241;ORANG;2023
1461;32;JAWA BARAT;3206;KABUPATEN TASIKMALAYA;DIPLOMA I/II/III/AKADEMI/UNIVERSITAS;703;ORANG;2023
1462;32;JAWA BARAT;3207;KABUPATEN CIAMIS;SD KE BAWAH;2559;ORANG;2023
1463;32;JAWA BARAT;3207;KABUPATEN CIAMIS;SMP;3724;ORANG;2023
1464;32;JAWA BARAT;3207;KABUPATEN CIAMIS;SMA (UMUM);11862;ORANG;2023
1465;32;JAWA BARAT;3207;KABUPATEN CIAMIS;SMA (KEJURUAN);4996;ORANG;2023
1466;32;JAWA BARAT;3207;KABUPATEN CIAMIS;DIPLOMA I/II/III/AKADEMI/UNIVERSITAS;;ORANG;2023
1467;32;JAWA BARAT;3208;KABUPATEN KUNINGAN;SD KE BAWAH;12404;ORANG;2023
1468;32;JAWA BARAT;3208;KABUPATEN KUNINGAN;SMP;10742;ORANG;2023
1469;32;JAWA BARAT;3208;KABUPATEN KUNINGAN;SMA (UMUM);7582;ORANG;2023
1470;32;JAWA BARAT;3208;KABUPATEN KUNINGAN;SMA (KEJURUAN);21057;ORANG;2023
1471;32;JAWA BARAT;3208;KABUPATEN KUNINGAN;DIPLOMA I/II/III/AKADEMI/UNIVERSITAS;2726;ORANG;2023
1472;32;JAWA BARAT;3209;KABUPATEN CIREBON;SD KE BAWAH;17635;ORANG;2023
1473;32;JAWA BARAT;3209;KABUPATEN CIREBON;SMP;17463;ORANG;2023
1474;32;JAWA BARAT;3209;KABUPATEN CIREBON;SMA (UMUM);26892;ORANG;2023
1475;32;JAWA BARAT;3209;KABUPATEN CIREBON;SMA (KEJURUAN);25630;ORANG;2023
1476;32;JAWA BARAT;3209;KABUPATEN CIREBON;DIPLOMA I/II/III/AKADEMI/UNIVERSITAS;3646;ORANG;2023
1477;32;JAWA BARAT;3210;KABUPATEN MAJALENGKA;SD KE BAWAH;6472;ORANG;2023
1478;32;JAWA BARAT;3210;KABUPATEN MAJALENGKA;SMP;5105;ORANG;2023
1479;32;JAWA BARAT;3210;KABUPATEN MAJALENGKA;SMA (UMUM);3785;ORANG;2023
1480;32;JAWA BARAT;3210;KABUPATEN MAJALENGKA;SMA (KEJURUAN);9807;ORANG;2023
1481;32;JAWA BARAT;3210;KABUPATEN MAJALENGKA;DIPLOMA I/II/III/AKADEMI/UNIVERSITAS;4502;ORANG;2023
1482;32;JAWA BARAT;3211;KABUPATEN SUMEDANG;SD KE BAWAH;7776;ORANG;2023
1483;32;JAWA BARAT;3211;KABUPATEN SUMEDANG;SMP;10391;ORANG;2023
1484;32;JAWA BARAT;3211;KABUPATEN SUMEDANG;SMA (UMUM);15840;ORANG;2023
1485;32;JAWA BARAT;3211;KABUPATEN SUMEDANG;SMA (KEJURUAN);8518;ORANG;2023
1486;32;JAWA BARAT;3211;KABUPATEN SUMEDANG;DIPLOMA I/II/III/AKADEMI/UNIVERSITAS;960;ORANG;2023
1487;32;JAWA BARAT;3212;KABUPATEN INDRAMAYU;SD KE BAWAH;18809;ORANG;2023
1488;32;JAWA BARAT;3212;KABUPATEN INDRAMAYU;SMP;11678;ORANG;2023
1489;32;JAWA BARAT;3212;KABUPATEN INDRAMAYU;SMA (UMUM);15350;ORANG;2023
1490;32;JAWA BARAT;3212;KABUPATEN INDRAMAYU;SMA (KEJURUAN);13238;ORANG;2023
1491;32;JAWA BARAT;3212;KABUPATEN INDRAMAYU;DIPLOMA I/II/III/AKADEMI/UNIVERSITAS;1800;ORANG;2023
1492;32;JAWA BARAT;3213;KABUPATEN SUBANG;SD KE BAWAH;12384;ORANG;2023
1493;32;JAWA BARAT;3213;KABUPATEN SUBANG;SMP;15476;ORANG;2023
1494;32;JAWA BARAT;3213;KABUPATEN SUBANG;SMA (UMUM);14836;ORANG;2023
1495;32;JAWA BARAT;3213;KABUPATEN SUBANG;SMA (KEJURUAN);25394;ORANG;2023
1496;32;JAWA BARAT;3213;KABUPATEN SUBANG;DIPLOMA I/II/III/AKADEMI/UNIVERSITAS;1494;ORANG;2023
1497;32;JAWA BARAT;3214;KABUPATEN PURWAKARTA;SD KE BAWAH;8573;ORANG;2023
1498;32;JAWA BARAT;3214;KABUPATEN PURWAKARTA;SMP;7047;ORANG;2023
1499;32;JAWA BARAT;3214;KABUPATEN PURWAKARTA;SMA (UMUM);7838;ORANG;2023
1500;32;JAWA BARAT;3214;KABUPATEN PURWAKARTA;SMA (KEJURUAN);16333;ORANG;2023
1501;32;JAWA BARAT;3214;KABUPATEN PURWAKARTA;DIPLOMA I/II/III/AKADEMI/UNIVERSITAS;308;ORANG;2023
1502;32;JAWA BARAT;3215;KABUPATEN KARAWANG;SD KE BAWAH;11929;ORANG;2023
1503;32;JAWA BARAT;3215;KABUPATEN KARAWANG;SMP;21934;ORANG;2023
1504;32;JAWA BARAT;3215;KABUPATEN KARAWANG;SMA (UMUM);33406;ORANG;2023
1505;32;JAWA BARAT;3215;KABUPATEN KARAWANG;SMA (KEJURUAN);38711;ORANG;2023
1506;32;JAWA BARAT;3215;KABUPATEN KARAWANG;DIPLOMA I/II/III/AKADEMI/UNIVERSITAS;3914;ORANG;2023
1507;32;JAWA BARAT;3216;KABUPATEN BEKASI;SD KE BAWAH;30960;ORANG;2023
1508;32;JAWA BARAT;3216;KABUPATEN BEKASI;SMP;20319;ORANG;2023
1509;32;JAWA BARAT;3216;KABUPATEN BEKASI;SMA (UMUM);35390;ORANG;2023
1510;32;JAWA BARAT;3216;KABUPATEN BEKASI;SMA (KEJURUAN);45179;ORANG;2023
1511;32;JAWA BARAT;3216;KABUPATEN BEKASI;DIPLOMA I/II/III/AKADEMI/UNIVERSITAS;9409;ORANG;2023
1512;32;JAWA BARAT;3217;KABUPATEN BANDUNG BARAT;SD KE BAWAH;11934;ORANG;2023
1513;32;JAWA BARAT;3217;KABUPATEN BANDUNG BARAT;SMP;9065;ORANG;2023
1514;32;JAWA BARAT;3217;KABUPATEN BANDUNG BARAT;SMA (UMUM);33649;ORANG;2023
1515;32;JAWA BARAT;3217;KABUPATEN BANDUNG BARAT;SMA (KEJURUAN);17461;ORANG;2023
1516;32;JAWA BARAT;3217;KABUPATEN BANDUNG BARAT;DIPLOMA I/II/III/AKADEMI/UNIVERSITAS;4746;ORANG;2023
1517;32;JAWA BARAT;3218;KABUPATEN PANGANDARAN;SD KE BAWAH;694;ORANG;2023
1518;32;JAWA BARAT;3218;KABUPATEN PANGANDARAN;SMP;513;ORANG;2023
1519;32;JAWA BARAT;3218;KABUPATEN PANGANDARAN;SMA (UMUM);703;ORANG;2023
1520;32;JAWA BARAT;3218;KABUPATEN PANGANDARAN;SMA (KEJURUAN);1788;ORANG;2023
1521;32;JAWA BARAT;3218;KABUPATEN PANGANDARAN;DIPLOMA I/II/III/AKADEMI/UNIVERSITAS;466;ORANG;2023
1522;32;JAWA BARAT;3271;KOTA BOGOR;SD KE BAWAH;5342;ORANG;2023
1523;32;JAWA BARAT;3271;KOTA BOGOR;SMP;6894;ORANG;2023
1524;32;JAWA BARAT;3271;KOTA BOGOR;SMA (UMUM);13544;ORANG;2023
1525;32;JAWA BARAT;3271;KOTA BOGOR;SMA (KEJURUAN);18802;ORANG;2023
1526;32;JAWA BARAT;3271;KOTA BOGOR;DIPLOMA I/II/III/AKADEMI/UNIVERSITAS;5616;ORANG;2023
1527;32;JAWA BARAT;3272;KOTA SUKABUMI;SD KE BAWAH;1685;ORANG;2023
1528;32;JAWA BARAT;3272;KOTA SUKABUMI;SMP;2414;ORANG;2023
1529;32;JAWA BARAT;3272;KOTA SUKABUMI;SMA (UMUM);3927;ORANG;2023
1530;32;JAWA BARAT;3272;KOTA SUKABUMI;SMA (KEJURUAN);5057;ORANG;2023
1531;32;JAWA BARAT;3272;KOTA SUKABUMI;DIPLOMA I/II/III/AKADEMI/UNIVERSITAS;1536;ORANG;2023
1532;32;JAWA BARAT;3273;KOTA BANDUNG;SD KE BAWAH;19336;ORANG;2023
1533;32;JAWA BARAT;3273;KOTA BANDUNG;SMP;11024;ORANG;2023
1534;32;JAWA BARAT;3273;KOTA BANDUNG;SMA (UMUM);45748;ORANG;2023
1535;32;JAWA BARAT;3273;KOTA BANDUNG;SMA (KEJURUAN);20550;ORANG;2023
1536;32;JAWA BARAT;3273;KOTA BANDUNG;DIPLOMA I/II/III/AKADEMI/UNIVERSITAS;19772;ORANG;2023
1537;32;JAWA BARAT;3274;KOTA CIREBON;SD KE BAWAH;2741;ORANG;2023
1538;32;JAWA BARAT;3274;KOTA CIREBON;SMP;1341;ORANG;2023
1539;32;JAWA BARAT;3274;KOTA CIREBON;SMA (UMUM);3042;ORANG;2023
1540;32;JAWA BARAT;3274;KOTA CIREBON;SMA (KEJURUAN);4230;ORANG;2023
1541;32;JAWA BARAT;3274;KOTA CIREBON;DIPLOMA I/II/III/AKADEMI/UNIVERSITAS;2511;ORANG;2023
1542;32;JAWA BARAT;3275;KOTA BEKASI;SD KE BAWAH;9783;ORANG;2023
1543;32;JAWA BARAT;3275;KOTA BEKASI;SMP;11309;ORANG;2023
1544;32;JAWA BARAT;3275;KOTA BEKASI;SMA (UMUM);34193;ORANG;2023
1545;32;JAWA BARAT;3275;KOTA BEKASI;SMA (KEJURUAN);25017;ORANG;2023
1546;32;JAWA BARAT;3275;KOTA BEKASI;DIPLOMA I/II/III/AKADEMI/UNIVERSITAS;23868;ORANG;2023
1547;32;JAWA BARAT;3276;KOTA DEPOK;SD KE BAWAH;11837;ORANG;2023
1548;32;JAWA BARAT;3276;KOTA DEPOK;SMP;8725;ORANG;2023
1549;32;JAWA BARAT;3276;KOTA DEPOK;SMA (UMUM);16821;ORANG;2023
1550;32;JAWA BARAT;3276;KOTA DEPOK;SMA (KEJURUAN);21714;ORANG;2023
1551;32;JAWA BARAT;3276;KOTA DEPOK;DIPLOMA I/II/III/AKADEMI/UNIVERSITAS;12946;ORANG;2023
1552;32;JAWA BARAT;3277;KOTA CIMAHI;SD KE BAWAH;7637;ORANG;2023
1553;32;JAWA BARAT;3277;KOTA CIMAHI;SMP;4500;ORANG;2023
1554;32;JAWA BARAT;3277;KOTA CIMAHI;SMA (UMUM);8425;ORANG;2023
1555;32;JAWA BARAT;3277;KOTA CIMAHI;SMA (KEJURUAN);9432;ORANG;2023
1556;32;JAWA BARAT;3277;KOTA CIMAHI;DIPLOMA I/II/III/AKADEMI/UNIVERSITAS;3198;ORANG;2023
1557;32;JAWA BARAT;3278;KOTA TASIKMALAYA;SD KE BAWAH;6486;ORANG;2023
1558;32;JAWA BARAT;3278;KOTA TASIKMALAYA;SMP;2311;ORANG;2023
1559;32;JAWA BARAT;3278;KOTA TASIKMALAYA;SMA (UMUM);5496;ORANG;2023
1560;32;JAWA BARAT;3278;KOTA TASIKMALAYA;SMA (KEJURUAN);7924;ORANG;2023
1561;32;JAWA BARAT;3278;KOTA TASIKMALAYA;DIPLOMA I/II/III/AKADEMI/UNIVERSITAS;2017;ORANG;2023
1562;32;JAWA BARAT;3279;KOTA BANJAR;SD KE BAWAH;662;ORANG;2023
1563;32;JAWA BARAT;3279;KOTA BANJAR;SMP;615;ORANG;2023
1564;32;JAWA BARAT;3279;KOTA BANJAR;SMA (UMUM);2192;ORANG;2023
1565;32;JAWA BARAT;3279;KOTA BANJAR;SMA (KEJURUAN);1654;ORANG;2023
1566;32;JAWA BARAT;3279;KOTA BANJAR;DIPLOMA I/II/III/AKADEMI/UNIVERSITAS;791;ORANG;2023
